port_of_abandonment,port_of_abandonment_updated,port_of_abandonment_updated,lon,ship_count
,At sea,,,32
25 NM off Hamriya Port,"Al Hamriyah, United Arab Emirates",25.2999420292377,55.3344566898913,1
"8 miles offshore from Takoradi, Ghana","Takoradi, Ghana",4.95686037667544,-1.77846537625004,1
"Aabenraa, Denmark","Aabenraa, Denmark",55.0446228,9.4209667,1
"Aberdeen, United Kingdom of Great Britain and Northern Ireland","Aberdeen, Scotland",57.1482429,-2.0928095,1
"Abidjan, Côte d'Ivoire","Abidjan, Côte d'Ivoire",5.320357,-4.016107,8
"Abu Al Kashib, Iraq","Abu Al Kashib, Iraq",30.4475,47.9758,1
"Abu Dhabi, United Arab Emirates","Abu Dhabi, United Arab Emirates",24.4538352,54.3774014,4
"Abu Qir, Egypt","Abu Qir, Egypt",31.3203016,30.0641979,2
"Adabiya, Egypt","Ajdabiya, Egypt",29.8817615471585,32.4706343505521,1
"Adelaide, Australia","Adelaide, Australia",-34.9281805,138.5999312,1
"Aden anchorage, Yemen","Aden, Yemen",12.7896,45.0285,1
"Aden, Yemen","Aden, Yemen",12.789585,45.028504,6
"Agno, Pangasinan, Philippines","Agno, Pangasinan, Philippines",16.1156627,119.799026,1
"Ajdabiya, Egypt","Ajdabiya, Egypt",30.755,20.2234,1
"Ajman Anchorage, United Arab Emirates","Ajman Port, United Arab Emirates",24.8075,56.0695,1
"Ajman Port, United Arab Emirates","Ajman Port, United Arab Emirates",25.4208346,55.4543495,1
"Al Duqm, Oman","Al Duqm, Oman",17.0254438,54.1715196,2
"Al Hamriya port, United Arab Emirates","Al Hamriyah, United Arab Emirates",25.2995316,55.334959,1
"Al Hamriya, United Arab Emirates","Al Hamriyah, United Arab Emirates",25.4816974,55.5114726,1
"Al Hamriyah, United Arab Emirates","Al Hamriyah, United Arab Emirates",25.4565135,55.5133594,4
"Al Hodeidah, Yemen","Al Hudaydah, Yemen",15.268007,42.583216,3
"Al Hudaydah, Yemen","Al Hudaydah, Yemen",15.1159326,42.844785,1
"Al Jazeera, United Arab Emirates","Al Jazeera, United Arab Emirates",25.7095495,55.8096291,2
"Alang, India","Alang, India",21.3968581,72.1774463,2
"Alat, Azerbaijan","Alat, Azerbaijan",39.9477043,49.4066384,1
"Alexandria, Egypt","Alexandria, Egypt",31.1991806,29.8951716,8
"Algeciras, Spain","Algeciras, Spain",36.1311725,-5.4473991,5
"Algiers, Algeria","Algiers, Algeria",36.764656180242900,3.0603086231588500,3
"Aliaga, Turkey","Aliaga, Turkey",38.8034265,26.9713731,3
"Alicante, Spain","Alicante, Spain",38.3436365,-0.4881708,3
"Amasra Offshore, Turkey","Amasra, Turkey",41.7489,32.3867,1
"Ambarli, Turkey","Ambarli, Turkey",37.2288376,40.2773185,1
"Amuay Bay, Venezuela (Bolivarian Republic of)","Amuay Bay, Venezuela",11.7749,-70.2408,5
"An-Ping, Taiwan","An-Ping, Taiwan",25.0257576,121.5266168,5
"Anchorage Batam, Indonesia","Batam, Indonesia",1.1031,104.0384,1
"Anchorage Near Ajman, United Arab Emirates","Ajman Port, United Arab Emirates",25.5450354509423,55.5200327288762,1
"Anchorage in Ceuta, Spain","Ceuta, Spain",35.8884,-5.3041,1
"Anchorage outside Dubai, United Arab Emirates","Dubai, United Arab Emirates",25.3593799592826,55.325795999517,1
"Anchorage, Tanjung Priok, Jakarta, Indonesia","Tanjung Priok, Jakarta, Indonesia",-6.1289,106.8708,1
"Anchored 68 miles outside Mersa Teklay, Eritrea","Mersa Teklay, Eritrea",15.6032,39.4637,1
"Anchored off Valetta, Malta","Valetta, Malta",35.9025673360505,14.5142389228553,2
"Ancona, Italy","Ancona, Italy",43.4801189,13.2187279,2
"Antalya, Turkey","Antalya, Turkey",36.8865728,30.7030242,1
"Antwerp, Belgium","Antwerp, Belgium",51.2211097,4.3997081,1
"Aqaba, Jordan","Aqaba, Jordan",29.5266483,35.0075433,2
"Argentia, Canada","Argentia, Canada",47.2902236,-53.9917654,1
"Aruba Anchorage, Aruba, Netherlands (Kingdom of the)",Aruba,12.5201,-70.0371,2
"Arzew, Algeria","Arzew, Algeria",35.856348,-0.313678,2
"Ashdod, Israel","Ashdod, Israel",31.7977314,34.6529922,4
"Aspropirgos, Greece","Aspropirgos, Greece",38.0686734,23.5803401,1
"Assaluyeh, Iran (Islamic Republic of)","Assaluyeh, Iran",27.3541,52.6028,8
"Astakos, Greece","Astakos, Greece",38.5355305,21.0815098,1
"At Nam Trieu Shipbuilding Co. Hai Phong, Viet Nam","Nam Trieu Shipbuilding Co. Hai Phong, Viet Nam",20.8531394231918,106.672994897768,3
"At anchorage in Cristobal, Panama","Cristobal, Panama",9.2579,-79.9072,1
"At anchorage near the coast of Malaysia, Malaysia","Malaysia, Malaysia",5.2266,100.4505,1
"At anchorage off Makulla, Yemen","Makulla, Yemen",14.5408713010146,49.1269037021153,1
At sea,At sea,12.1463353,-68.27611,1
"Auckland, New Zealand","Auckland, New Zealand",-36.852095,174.7631803,1
"Augusta, Italy","Augusta, Italy",37.2369363,15.2196575,5
"Aveiro, Portugal","Aveiro, Portugal",40.640496,-8.6537841,1
"Aviera, Portugal","Aveiro, Portugal",40.64230988016140,-8.653811964288340,1
"Aviles, Spain","Aviles, Spain",43.5554436,-5.9222466,2
Bahrain,Bahrain,26.1551249,50.5344606,2
"Balayan, Philippines","Balayan, Philippines",13.9381793,120.7294945,1
"Balboa, Panama","Balboa, Panama",8.9495435,-79.5529019,1
"Baltimore MDUSA, United States of America","Baltimore, USA",39.2909,-76.6108,1
"Bandar Abbas, Iran (Islamic Republic of)","Bandar Abbas, Iran",27.1842,56.2893,18
"Bandar Abbass Anchorage, Iran (Islamic Republic of)","Bandar Abbas, Iran",27.262208678466,56.2439403366874,1
"Bandar Dayyer, Iran (Islamic Republic of)","Bandar Dayyer, Iran",27.8412,51.9372,3
"Bandar Imam Khomeini, Iran (Islamic Republic of)","Bandar Imam Khomeini, Iran",27.2097,56.3519,3
"Bandirma, Turkey","Bandirma, Turkey",40.3554705,27.9697603,2
"Bangkok, Thailand","Bangkok, Thailand",13.7524938,100.4935089,1
"Banjul, Gambia","Banjul, Gambia",13.4410165,-16.5627509,1
"Barcelona, Spain","Barcelona, Spain",41.3825802,2.177073,4
"Bari, Italy","Bari, Italy",41.1257843,16.8620293,2
"Barranquilla, Colombia","Barranquilla, Colombia",11.0101922,-74.8231794,1
"Bartin, Turkey","Bartin, Turkey",41.4947715,32.4354255,1
"Bata, Equatorial Guinea","Bata, Equatorial Guinea",2.0064092,9.9087683,1
"Batam Centre, Indonesia","Batam, Indonesia",1.1317546,104.0554292,1
"Batam, Indonesia","Batam, Indonesia",1.1030815,104.0383696,6
"Batu Ampar, Indonesia","Batu Ampar, Indonesia",1.1695702,104.0106068,1
"Bayonne, France","Bayonne, France",43.4945144,-1.4736657,1
"Beira, Mozambique","Beira, Mozambique",-19.8340679,34.8358075,1
"Beirut, Lebanon","Beirut, Lebanon",33.8892265,35.5025585,1
"Bejaia, Algeria","Bejaia, Algeria",36.7511783,5.0643687,1
"Belawan, Indonesia","Belawan, Indonesia",-0.5791924,114.4500022,1
"Benete, Indonesia","Benete, Indonesia",-8.8962512,116.7716109,1
"Benghazi, Libya","Benghazi, Libya",32.1200168,20.0812174,4
"Berbera Somalia Anchorage, Somalia","Berbera, Somalia",10.432105,44.96172,1
"Berbera, Somalia","Berbera, Somalia",10.4386215,45.0134007,2
"Bhashair Oil Terminal, Sudan","Bhashair Oil Terminal, Sudan",30.1454906936265,48.4881544039985,1
"Bhavnagar, India","Bhavnagar, India",21.7718836,72.1416449,1
"Bilbao, Spain","Bilbao, Spain",43.2630018,-2.9350039,2
"Birkenhead, United Kingdom of Great Britain and Northern Ireland","Birkenhead, England",53.3895177,-3.0248007,1
"Bissau anchorage, Guinea-Bissau","Bissau, Guinea-Bissau",11.8613,-15.5831,1
"Bissau, Guinea-Bissau","Bissau, Guinea-Bissau",11.861324,-15.583055,3
"Bizerte (gounded), Tunisia","Bizerte, Tunisia",37.3086263964186,9.86176857928346,1
"Bizerte, Tunisia","Bizerte, Tunisia",37.2720905,9.8708565,2
"Bluff Jetty (BCI 1) Durban, South Africa","Durban, South Africa",-29.7884696553496,31.0497836144232,1
"Boca Grande II, Venezuela (Bolivarian Republic of)","Boca Grande II, Venezuela",10.4775,-62.8269,1
"Boffa, Guinea","Boffa, Guinea",10.1812281,-14.0377043,2
"Bolnes, Netherlands (Kingdom of the)","Bolnes, Netherlands",51.8917,4.5819,2
"Boma, Democratic Republic of the Congo","Boma, Democratic Republic of the Congo",-5.85,13.05,1
"Bonny, Nigeria","Bonny, Nigeria",4.505781,7.203466,1
"Boulogne/Mer, France","Boulogne-sur-Mer, France",50.7224289,1.6032652,1
"Bremerhaven, Germany","Bremerhaven, Germany",53.5505392,8.5851945,4
"Brest, France","Brest, France",48.3905283,-4.4860088,5
"Brunsbuttel, Germany","Brunsbuttel, Germany",53.8972549,9.1395423,1
"Buragas Port, Bulgaria","Burgas, Bulgaria",42.4896673758493,27.4780219793999,1
"Burgas anchorage, Bulgaria","Burgas, Bulgaria",42.4937,27.4721,2
"Burgas, Bulgaria","Burgas, Bulgaria",42.4936616,27.4721276,5
"Busan Anchorage, Republic of Korea","Busan, Republic of Korea",35.18,129.0752,1
"Busan, Republic of Korea","Busan, Republic of Korea",35.1799528,129.0752365,10
"Bushehr, Iran (Islamic Republic of)","Bushehr, Iran",28.8937,51.3205,18
"CONSTANTA SOUTH AGIGEA, Romania","Constanța South - Agigea, Romania",44.0982512,28.653546,1
"Cadiz, Spain","Cadiz, Spain",36.5297438,-6.2928976,3
"Cagliari, Italy","Cagliari, Italy",39.2171994,9.113311,1
"Cagliary, Italy","Cagliari, Italy",39.2450015733255,9.12549131234656,1
"Calabar anchorage, Nigeria","Calabar, Nigeria",4.9796,8.3374,1
"Calabar, Nigeria","Calabar, Nigeria",4.9795999,8.3373597,3
"Calais, France","Calais, France",50.9524769,1.8538446,1
"Callao, Peru","Callao, Peru",-12.0864633,-77.2234463,2
"Campha Anchorage, Viet Nam","Campha Anchorage, Viet Nam",21.0096,107.2729,1
"Canakkale, Turkey","Canakkale, Turkey",40.0549886,26.9278292,2
"Cape Town, South Africa","Cape Town, South Africa",-33.9288301,18.4172197,1
"Cape Verde, Cabo Verde","Cape Verde, Cabo Verde",17.0555285,-25.1723049,1
"Carr (US GulfUSA), United States of America","Carr, USA",29.9473,-90.1296,1
"Cartagena, Spain","Cartagena, Spain",37.6155018,-0.987511,1
"Cartegena, Spain","Cartagena, Spain",37.5995046,-0.9835695,2
"Cartagena, Spain","Cartagena, Spain",33.5945144,-7.6200284,7
"Castellon, Spain","Castellon, Spain",40.2518568,-0.0615052,1
"Castletownbere, Ireland","Castletownbere, Ireland",51.6514159,-9.9104925,1
"Ceuta, Spain","Ceuta, Spain",35.894422,-5.3558174,1
"Chaguaramas, Trinidad and Tobago","Chaguaramas, Trinidad and Tobago",10.68279,-61.6392368,1
"CharlestonSouth CarolinaUSA, United States of America","Charleston, SC, USA",32.7884,-79.9399,2
"Chioggia, Italy","Chioggia, Italy",45.2179083,12.2270656,1
"Chios Island, Greece","Chios Island, Greece",38.3758132,26.0646552,1
"Chittagong Charlie Anchorage, Bangladesh","Chittagong, Bangladesh",22.3092980007081,91.8016923949359,1
"Chittagong, Bangladesh","Chittagong, Bangladesh",22.333778,91.8344348,13
"Ciudad del Carmen, Campeche, Mexico","Ciudad del Carmen, Campeche, Mexico",18.651739,-91.81492,1
"Civitavecchia, Italy","Civitavecchia, Italy",42.0937524,11.7922462,1
"Claxton Bay, Trinidad and Tobago","Claxton Bay, Trinidad and Tobago",10.3534367,-61.4569401,1
"Cochin, India","Cochin, India",9.9679032,76.2444378,2
"Colombo, Sri Lanka","Colombo, Sri Lanka",6.9388614,79.8542005,8
"Colon, Panama","Colon, Panama",9.3553005,-79.8974085,2
"Conakry, Guinea","Conakry, Guinea",9.5171,-13.6998,4
"Concepcion BAy, Chile","Concepcion Bay, Chile",-36.6594776,-73.0361383,1
Congo,Congo,-2.9814344,23.8222636,1
"Constanta South, Romania","Constanta, Romania",44.1001557,28.6621511,1
"Constanta, Romania","Constanta, Romania",44.1767161,28.6507598,6
"Cotonou anchorage, Benin","Cotonou Anchorage, Benin",6.3677,2.4253,1
"Cotonou, Benin","Cotonou, Benin",6.3676953,2.4252507,1
"Crisiobal (anchorage), Panama","Cristobal, Panama",9.35829863530002,-79.9014472579419,1
"Cristobal(Colon), Panama","Cristobal, Panama",8.5194778,-80.3616728,1
"Currently en-route to Khor Fakkan, United Arab Emirates","Khor Fakkan, United Arab Emirates",25.3492,56.3478,6
"Dakar, Senegal","Dakar, Senegal",14.693425,-17.447938,22
"Dakhla, Morocco","Dakhla, Morocco",23.6940663,-15.9431274,1
"Damietta, Egypt","Damietta, Egypt",31.4167427,31.8213657,3
"Dammam Port, Saudi Arabia","Dammam, Saudi Arabia",26.5112268,50.2031843,1
"Dammam, Saudi Arabia","Dammam, Saudi Arabia",26.4367824,50.1039991,20
"Dangjin, Republic of Korea","Dangjin, Republic of Korea",36.8904083,126.6461833,1
"Danube River, Galati, Romania","Danube River, Galati, Romania",45.4338,28.0549,1
"Dar es Salam, United Republic of Tanzania","Dar es Salam, United Republic of Tanzania",-6.8160837,39.2803583,1
"Dayyer Port, Iran (Islamic Republic of)","Dayyer Port, Iran",27.834048081979,51.9275940189987,1
"Derince, Turkey","Derince, Turkey",40.7574495,29.8307628,1
"Diliskelesi, Turkey","Diliskelesi, Turkey",40.7694904,29.5235035,1
"Djen Djen anchorage, Algeria","Djen Djen, Algeria",36.7292,5.9608,1
"Djen Djen, Algeria","Djen Djen, Algeria",36.8239022,5.8907936,1
"Djibouti Anchorage, Djibouti","Djibouti, Djibouti",11.8146,42.8453,1
"Djibouti, Djibouti","Djibouti, Djibouti",11.5936903,43.1472724,14
"Doha, Qatar","Doha, Qatar",25.3108807,51.5081812,1
"Donghae, Republic of Korea","Donghae, Republic of Korea",37.5245142,129.1146302,1
"Dongyin Island, Taiwan","Dongyin Island, Taiwan",26.3671921,120.4931522,1
"Douala's port, Cameroon","Douala, Cameroon",4.05336360361665,9.68725357737336,1
"Douala, Cameroon","Douala, Cameroon",4.0429389,9.7062018,4
"Drifting near Curacao, Curaçao","Curacao, Curaçao",12.2135,-69.0409,1
"Drifting outside Kandla Port, India","Kandla Port, India",23.0047,70.2163,1
"Dubai DMC, United Arab Emirates","Dubai, United Arab Emirates",25.108648,55.3922587,1
"Dubai anchorage, United Arab Emirates","Dubai, United Arab Emirates",25.0743,55.1885,1
"Dubai, United Arab Emirates","Dubai, United Arab Emirates",25.0742823,55.1885387,32
"Duqm, Oman","Duqm, Oman",19.6230411,57.6340004,2
"Durban, South Africa","Durban, South Africa",-29.861825,31.009909,11
"Durres, Albania","Durres, Albania",41.313255,19.4462348,4
"El Guamache anchorage, Venezuela (Bolivarian Republic of)","El Guamache Anchorage, Venezuela",10.8955,-64.0648,1
"Elefsis, Greece","Elefsis, Greece",38.0323903,23.4959887,3
"En route to Bartin Port, Turkey","Bartin Port, Turkey",41.4948,32.4354,1
"En-route to Alexandria, Egypt","Alexandria, Egypt",31.1992,29.8952,1
"En-route to Port of Bosaso, Somalia","Port of Bosaso, Somalia",11.0026,49.4107,1
"En-route to Sakaimina, Japan","Sakaimina, Japan",35.5392,133.2319,1
"En-route to Umm qasr, Iraq","Umm qasr, Iraq",30.0323,47.9215,1
"Enroute Beirut, Lebanon","Beirut, Lebanon",33.8892,35.5026,1
"Enroute to Baniyas, Syrian Arab Republic","Baniyas, Syrian Arab Republic",35.1851,35.9478,1
"Enroute to Sao Sebastiao, Brazil","Sao Sebastiao, Brazil",-23.8028,-45.4071,1
"Ensenada, Mexico","Ensenada, Mexico",31.8658887,-116.602983,1
"En‐route to San Lorenzo, Argentina","San Lorenzo, Argentina",-32.7455,-60.7431,1
"Eregli, Turkiye, Turkey","Eregli, Turkey",37.5141,34.0473,1
"Esbjerg, Denmark","Esbjerg, Denmark",55.4664892,8.4520751,1
"Essequibo River, Guyana","Essequibo River, Guyana",4.3561036,-58.4785509,1
"Famagusta Port, Cyprus","Famagusta, Cyprus",34.6718618,33.0421767,1
"Famagusta anchorage, Cyprus","Famagusta, Cyprus",35.1205,33.9388,1
"Famagusta, Cyprus","Famagusta, Cyprus",35.1205261,33.9387919,1
"Farasan, Saudi Arabia","Farasan, Saudi Arabia",16.7379259,41.9079778,1
"Fecamp, France","Fecamp, France",49.7577729,0.374891,1
"Fort Pierce, Florida, United States of America","Fort Pierce, Florida, USA",27.4467056,-80.3256056,1
"Fort de France, France","Fort de France, France",14.6027962,-61.0676724,1
"Frederiksvaerk, Denmark","Frederiksvaerk, Denmark",55.9719082,12.0174311,1
"Freeport anchorage, Bahamas","Freeport, Bahamas",26.5357,-78.6954,1
"Freeport, Bahamas","Freeport, Bahamas",26.535681,-78.6953623,1
"Freetown anchorage, Sierra Leone","Freetown, Sierra Leone",8.479,-13.268,1
"Freetown, Sierra Leone","Freetown, Sierra Leone",8.479004,-13.26795,6
"Fujairah, United Arab Emirates","Fujairah, United Arab Emirates",25.4147357,56.2313667,10
"Fuzhou anchorage, China","Fuzhou Anchorage, China",26.0775,119.2918,1
"Gabes Port, Tunisia","Gabes Port, Tunisia",33.7308154,9.9145145,2
"Gadani, Pakistan","Gadani, Pakistan",25.1191176,66.732175,1
"Gangavaram, India","Gangavaram, India",13.2351728,78.7511018,1
"Gdynia, Poland","Gdynia, Poland",54.5233304,18.6040279,3
"Gebze, Turkey","Gebze, Turkey",40.8006696,29.431767,1
"Genoa, Italy","Genoa, Italy",44.40726,8.9338624,4
"Georgetown anchorage, Guyana","Georgetown, Guyana",6.8033,-58.1455,1
"Georgetown, Guyana","Georgetown, Guyana",6.8032561,-58.1455403,3
"Ghent, Belgium","Ghent, Belgium",51.0538286,3.7250121,2
"Gibraltar, United Kingdom of Great Britain and Northern Ireland","Gibraltar, England",51.791921,-0.9022301,2
"Giresun, Turkey","Giresun, Turkey",40.6531617,38.5172032,1
"Gonviales, Haiti","Gonviales, Haiti",19.4461,-72.6884,1
"Grand Harbour Marina, Valletta, Malta","Grand Harbour Marina, Valletta, Malta",35.8895458369073,14.5204615059949,1
"Gravendeel, Netherlands (Kingdom of the)","Gravendeel, Netherlands",51.7807,4.6199,1
"Great Yarmouth, United Kingdom of Great Britain and Northern Ireland","Great Yarmouth, England",52.6071742,1.7314845,2
"Guam, United States of America","Guam, USA",13.4501175,144.7577088,2
"Guandong shipyard, Guangzhou, China","Guangzhou, China",23.1288,113.259,1
"Guangzhou, China","Guangzhou, China",23.1288454,113.2590064,1
"Guanta, Venezuela (Bolivarian Republic of)","Guanta, Venezuela",10.2338,-64.5932,1
"Guayaquil, Ecuador","Guayaquil, Ecuador",-2.1900572,-79.8868669,2
"Guishan Anchorage, China","Guishan Anchorage, China",29.9873,122.203,3
"Gulluk Anch, Turkey","Gulluk Anch, Turkey",38.4695,40.9018,2
"Gunsan Port, Republic of Korea","Gunsan Port, Republic of Korea",35.9719471,126.5597569,1
"Hai Long, Vietnam, Viet Nam","Hai Long, Vietnam",20.9084,107.0683,1
"Haifa Port, Israel","Haifa, Israel",32.8193237,35.0361763,1
"Haifa, Israel","Haifa, Israel",32.8191218,34.9983856,15
"Haiphong, Viet Nam","Haiphong, Viet Nam",20.8623278,106.6799266,1
"Hakata, Japan","Hakata, Japan",33.5896075,130.4185261,1
"Haldia, India","Haldia, India",22.028124,88.0632655,3
"Halifax, Canada","Halifax, Canada",44.648618,-63.5859487,1
"Hamad, Qatar","Hamad, Qatar",25.2805177,51.5315501,2
"Hamriya Free Port, United Arab Emirates","Hamriyah, United Arab Emirates",25.4728575,55.4946245,1
"Hamriya port, United Arab Emirates","Hamriyah, United Arab Emirates",25.4739039,55.4802648,1
"Hamriya, United Arab Emirates","Hamriyah, United Arab Emirates",25.4570387,55.4995757,3
"Hamriyah Free Zone Port, United Arab Emirates","Hamriyah, United Arab Emirates",25.4597,55.4804,4
"Hamriyah Free Zone, Sharjah, United Arab Emirates","Hamriyah, United Arab Emirates",25.3533227835289,55.4307081319799,2
"Hamriyah Oil Terminal, United Arab Emirates","Hamriyah, United Arab Emirates",25.299169,55.334081,2
"Hamriyah, United Arab Emirates","Hamriyah, United Arab Emirates",25.4597423,55.4804489,18
"Hansweert, Netherlands (Kingdom of the)","Hansweert, Netherlands",51.4491,4.0037,1
"Harlingen, Netherlands (Kingdom of the)","Harlingen, Netherlands",53.1752,5.4142,1
"Harper, Liberia","Harper, Liberia",4.3789381,-7.7060988,1
"Havana, Cuba","Havana, Cuba",23.135305,-82.3589631,1
"Haydarpasa, Turkey","Haydarpasa, Turkey",40.9961144,29.0190723,2
"Hazira, India","Hazira, India",21.0956055,72.6466021,1
"Heraklion Port, Greece","Heraklion Port, Greece",35.3419167,25.1418173,1
"Hereke, Turkey, Turkey","Hereke, Turkey",40.7841,29.6163,1
"Hereke, Turkey","Hereke, Turkey",40.7840847,29.6163185,2
"Hidd, Bahrain","Hidd, Bahrain",26.2440537,50.6528891,1
"Himeji, Japan","Himeji, Japan",34.8153529,134.6854793,1
"Ho Chi Minh Port, Viet Nam","Ho Chi Minh Port, Viet Nam",10.7737,106.7166,1
"Hodaydah, Yemen","Al Hudaydah, Yemen",14.7979,42.9545,1
"Hodeidah, Yemen","Al Hudaydah, Yemen",14.7978677,42.9544872,3
"Hong Kong, China","Hong Kong, China",22.2818333,114.1582831,1
"Hualien, China","Hualien, China",23.9723989,121.6102341,1
"Huelva, Spain","Huelva, Spain",37.2575874,-6.9484945,3
"Huizhou, China","Huizhou, China",23.1125153,114.4127007,1
"Hulhumale, Maldives","Hulhumale, Maldives",4.2139376,73.5385131,1
"Hydrodinamik, Shipyard, Turkey","Hydrodinamik Shipyard, Turkey",40.8402369887154,29.2686721075567,1
"Ijmuiden, Netherlands (Kingdom of the)","Ijmuiden, Netherlands",52.4574,4.6116,1
"Ilka Shipyard, Boushehr, Iran (Islamic Republic of)","Ilka Shipyard, Boushehr, Iran",28.8738671095755,50.8456340186391,1
"Incheon, Republic of Korea","Incheon, Republic of Korea",37.456,126.7052,7
"Inverkeithing, Scotland, United Kingdom of Great Britain and Northern Ireland","Inverkeithing, Scotland",56.0308767,-3.3977498,1
Iran (Islamic Republic of),Iran,36.2665119,59.5999861,1
"Iskenderun, Turkey","Iskenderun, Turkey",36.5902266,36.1710354,2
"Iskendrun/Antalya, Turkey","Iskenderun, Turkey",36.6658505030488,36.1916088627477,1
"Istanbul anchorage, Turkey","Istanbul, Turkey",41.0064,28.9759,5
"Istanbul, Turkey","Istanbul, Turkey",41.006381,28.9758715,36
"Izmail, Ukraine","Izmail, Ukraine",45.3511307,28.8361514,2
"Izmir, Turkey","Izmir, Turkey",38.4192537,27.128469,1
"Izmit bay, Turkey","Izmir, Turkey",40.732711,29.729106,1
"Izmit, Turkey","Izmir, Turkey",40.7721138,29.9505623,2
"Jabel Ali, United Arab Emirates","Jabel Ali, United Arab Emirates",25.0160559,55.1378759,1
"Jakarta, Indonesia","Jakarta, Indonesia",-6.1754049,106.827168,1
"Jawaharlal Nehru Port, India","Jawaharlal Nehru Port, India",18.9450306,72.949423,1
"Jebel Ali, United Arab Emirates","Jebel Ali, United Arab Emirates",24.9775987,55.0910742,6
"Jebel Ali-Dubai, United Arab Emirates","Jebel Ali, United Arab Emirates",24.9672137,55.1370153,1
"Jeddah, Saudi Arabia","Jeddah, Saudi Arabia",21.5504432,39.1742363,12
"Jiangyin, China","Jiangyin, China",31.9215518,120.2808847,1
"Johor Anchorage, Malaysia","Johor Anchorage, Malaysia",1.4582,103.7649,2
"Johor Bahru, Malaysia","Johor Bahru, Malaysia",1.4581986,103.7649059,1
"Jorf Lasfar, Morocco","Jorf Lasfar, Morocco",33.1100029,-8.6311468,1
"Jubail naval anchorage, Saudi Arabia","Jubail, Saudi Arabia",27.0007,49.6532,1
"Jubail, Saudi Arabia","Jubail, Saudi Arabia",27.0006968,49.6532161,2
"Kakinada, India","Kakinada, India",16.9437385,82.2350607,5
"Kaliningrad, Russian Federation","Kaliningrad, Russia",54.7046485,20.4565666,1
"Kalymnos, Greece","Kalymnos, Greece",37.0025735,26.9923072,2
"Kamsar Port, Guinea","Kamsar, Guinea",10.6644,-14.5833,1
"Kamsar, Guinea","Kamsar, Guinea",10.6643896,-14.5833317,1
"Kandla, India","Kandla, India",32.6912634,76.0696792,1
"Kaohsiung anchorage, Taiwan","Kaohsiung, Taiwan",22.6203,120.312,1
"Kaohsiung, Taiwan","Kaohsiung, Taiwan",22.6203348,120.3120375,19
"Karachi OPL, Pakistan","Karachi, Pakistan",24.8547,67.0207,1
"Karachi, Pakistan","Karachi, Pakistan",24.8546842,67.0207055,2
"Karaika, India","Karaikal, India",16.9437,82.2351,1
"Karaikal, India","Karaikal, India",10.91571,79.8375761,1
"Karasu, Turkey","Karasu, Turkey",39.9325676,40.3501311,1
"Kartal anchorage, Turkey","Kartal, Turkey",40.8886,29.1857,1
"Kartal, Turkey","Kartal, Turkey",40.88858,29.1856536,1
"Kavala, Greece","Kavala, Greece",40.9369224,24.4122766,2
"Kavkaz anchorage, Russian Federation","Kavkaz, Russia",43.1727,42.6797,1
"Kavkaz, Russian Federation","Kavkaz, Russia",43.1727039,42.6796743,1
"Kawasaki, Japan","Kawasaki, Japan",35.5306639,139.7037668,1
"Kefken, Turkey","Kefken, Turkey",41.1695412,30.2278862,1
"Kembla, Australia","Kembla, Australia",-32.0677876,149.1181815,1
"Kemi, Finland","Kemi, Finland",65.7333404,24.5666495,1
"Kerch anchorage, Russian Federation","Kerch, Ukraine",45.3563,36.4671,1
"Kerch, Ukraine","Kerch, Ukraine",45.3563405,36.467061,1
"Khalid port, Sharjah, United Arab Emirates","Khalid port, Sharjah, United Arab Emirates",25.3655674,55.3839508,2
"Khalifa Bin Samlan, Bahrain","Khalifa Bin Samlan, Bahrain",26.0313927911795,50.5230350657141,1
"Kharg Island, Iran (Islamic Republic of)","Kharg Island, Iran",29.2406,50.3117,1
"Khor Fakkan OPL, United Arab Emirates","Khor Fakkan, United Arab Emirates",25.383725,56.51676,2
"Khor Fakkan, United Arab Emirates","Khor Fakkan, United Arab Emirates",25.3491721,56.3478105,21
"Khorfakkan Port, Sharjah, United Arab Emirates","Khor Fakkan, United Arab Emirates",25.3539188,56.3681606,1
"Khorramshahr, Iran (Islamic Republic of)","Khorramshahr, Iran",30.4748,48.2429,5
"Kiato, Greece","Kiato, Greece",38.00916,22.7507113,1
"King Abdullah, Saudi Arabia","King Abdullah, Saudi Arabia",23.7674471,44.771113,1
"Kingston Bay, Jamaica","Kingston Bay, Jamaica",26.5415435,-80.1161532,1
"Kingston, Jamaica","Kingston Bay, Jamaica",17.9712148,-76.7928128,1
"Kish, Iran (Islamic Republic of)","Kish, Iran",26.5361,53.9688,6
"Klang Bunkering Anchorage, Malaysia","Klang Bunkering Anchorage, Malaysia",2.7962825,101.2953,1
"Kokkola, Finland","Kokkola, Finland",63.8391421,23.1336845,1
"Kolkata, India","Kolkata, India",22.5726459,88.3638953,1
"Konta, Papua New Guinea","Konta, Papua New Guinea",-6.7302,147.0008,1
"Koper, Slovenia","Koper, Slovenia",45.5479864,13.7304781,4
"Korsoer, Denmark","Korsoer, Denmark",55.3266045,11.1425876,1
"Kota Kinabalu, Indonesia","Kota Kinabalu, Malaysia",6.0798611,116.1522972,1
"Kota Kinabalu, Malaysia","Kota Kinabalu, Malaysia",5.9780066,116.0728988,1
"Kuantan Anchorage, Malaysia","Kuantan Anchorage, Malaysia",3.7974,103.3219,1
"Kuching, Malaysia","Kuching, Malaysia",1.5597561,110.345397,1
"Kumkapi Anchorage, Turkey","Kumkapi Anchorage, Turkey",40.9919,28.7712,1
"Kunsan, Republic of Korea","Kunsan, Republic of Korea",35.9679984,126.7369036,3
"La Coruna, Spain","La Coruna, Spain",43.3466447,-8.4127029,1
"La Guaira, Venezuela (Bolivarian Republic of)","La Guaira, Venezuela",10.5803,-66.8603,1
"La Plata, Argentina","La Plata, Argentina",-34.9206797,-57.9537638,5
"La Rochelle, France","La Rochelle, France",46.159732,-1.1515951,2
"La Spezia, Italy","La Spezia, Italy",44.238366,9.6912326,2
"Labuan, Malaysia","Labuan, Malaysia",5.3168336,115.2198613,2
"Lagos, Nigeria","Lagos, Nigeria",6.4550575,3.3941795,13
"Larnaca, Cyprus","Larnaca, Cyprus",34.9236095,33.6236184,4
"Las Calderas, Dominican Republic","Las Calderas, Dominican Republic",18.2188817,-70.4919571,4
"Las Palmas, Spain","Las Palmas, Spain",28.0744,-15.4514,16
"Latakia, Syrian Arab Republic","Latakia, Syrian Arab Republic",35.579874,35.9772699,1
"Lattakia, Syrian Arab Republic","Latakia, Syrian Arab Republic",35.5209657,35.8065133,1
"Lavrio, Greece","Lavrio, Greece",37.7142551,24.0548015,1
"Lengeh, Iran (Islamic Republic of)","Lengeh, Iran",26.5621,54.8838,3
"Liverpool, United Kingdom of Great Britain and Northern Ireland","Liverpool, England",53.3933411,-2.9166389,1
"Lome, Togo","Lome, Togo",6.130419,1.215829,7
"Lorient, France","Lorient, France",47.7477336,-3.3660907,1
"Luanda, Angola","Luanda, Angola",-8.8272699,13.2439512,6
"Luba, Equatorial Guinea","Luba, Equatorial Guinea",3.459841,8.5544476,1
"Luoyuan, China","Luoyuan, China",26.4929647,119.5448198,1
"Lyngstad, Norway","Lyngstad, Norway",62.9615604,7.3703856,1
"MARSEILLE FOS PORT, France","Marseille-Fos Port, France",43.3036284,5.3635436,1
"MBM, Albania","MBM Port, Albania",41.3785088,19.4292071,1
"Macae, Brazil","Macaé, Brazil",-22.3712958,-41.7866922,1
"Macapa anchorage, Brazil","Macapa Anchorage, Brazil",0.0402,-51.057,1
"Macaé, Brazil","Macaé, Brazil",-22.2828305,-41.9649091,1
"Majishan, China","Majishan, China",30.6818681,122.4121235,1
"Makassar, Indonesia","Makassar, Indonesia",-5.1342962,119.4124282,1
"Malabo, Equatorial Guinea","Malabo, Equatorial Guinea",3.741877,8.7740663,2
"Malacca, Malaysia","Malacca, Malaysia",2.3293744,102.2880962,1
"Malaga, Spain","Malaga, Spain",36.7647913,-4.4422005,1
Malaysia,Malaysia,4.5693754,102.2656823,1
"Male anchorage, Maldives","Male, Maldives",4.178,73.5107,1
"Male, Maldives","Male, Maldives",4.1779879,73.5107387,11
"Malindi, Kenya","Malindi, Kenya",-3.2295935,39.9750882,1
Malta,"Malta Anchorages, Malta",35.9311442,14.3951627,3
"Malta Anchorages, Malta","Malta Anchorages, Malta",35.899,14.5137,1
"Mangalore, India","Mangalore, India",12.8698101,74.8430082,1
"Manila bay, Philippines","Manila, Philippines",14.5830475,120.7728411,1
"Manila, Philippines","Manila, Philippines",14.5904492,120.9803621,2
"Manzanillo/Coco Solo, Panama","Manzanillo/Coco Solo, Panama",9.3667144000163,-79.8816234691905,1
"Map Ta Phut, Thailand","Map Ta Phut, Thailand",12.7136499,101.1679092,1
"Maputo, Mozambique","Maputo, Mozambique",-25.966213,32.56745,1
"Marabahan, Banjarmasin, Indonesia","Marabahan, Banjarmasin, Indonesia",-3.3187,114.5926,1
"Marina Di Portopalo, Italy","Marina Di Portopalo, Italy",36.6860918,15.1319524,1
"Marseille, France","Marseille, France",43.2963986,5.3777888,2
"Marstal, Denmark","Marstal, Denmark",54.8558332,10.5174056,1
"Martas, Turkey","Martas, Turkey",40.3522146,27.9434457,1
"Mayaguez, Puerto Rico, United States of America","Mayaguez, Puerto Rico, USA",18.2116355,-67.0953572,2
"Menzel Bourguiba, Tunisia","Menzel Bourguiba, Tunisia",37.1549472,9.7925864,1
"Mersin Port, Turkey","Mersin Port, Turkey",36.7998378,34.6361157,1
"Mersin, Turkey","Mersin, Turkey",36.7978381,34.6298391,5
"Mersin-Tasucu, Turkey","Mersin-Tasucu, Turkey",36.3196573,33.8799686,1
"Mesaieed, Qatar","Mesaieed, Qatar",24.9953944,51.5493583,1
"Messina, Italy","Messina, Italy",38.1937571,15.5542082,1
"Miami, United States of America","Miami, USA",25.7741566,-80.1935973,2
"MiamiUSA, United States of America","Miami, USA",25.7742,-80.1936,2
"Midia, Romania","Midia, Romania",44.3209907,28.6242643,2
"Mina Salman, Bahrain","Mina Salman, Bahrain",26.2018153,50.6080741,1
"Mina Saqr, United Arab Emirates","Mina Saqr, United Arab Emirates",25.974064,56.0504069,4
"Mina Zayed, United Arab Emirates","Mina Zayed, United Arab Emirates",24.5279708,54.3760574,2
"Mindelo, Cabo Verde","Mindelo, Cabo Verde",16.8873057,-24.9864064,3
"Miragoane, Haiti","Miragoane, Haiti",18.4448425,-73.0886392,1
"Miri, Malaysia","Miri, Malaysia",4.3940102,113.9880199,2
"Misuarta, Libya","Misrata, Libya",32.3746,15.0906,1
"Misurata, Libya","Misrata, Libya",32.3745923,15.0905803,6
"Mogadishu, Somalia","Mogadishu, Somalia",2.0349312,45.3419183,3
"Mombasa, Kenya","Mombasa, Kenya",-4.05052,39.667169,5
"Monfalcone, Italy","Monfalcone, Italy",45.8049454,13.5330592,1
"Mongla, Bangladesh","Mongla, Bangladesh",22.4774147,89.5996326,1
"Monrovia, Liberia","Monrovia, Liberia",6.3203562,-10.8060492,3
"Montelimar, France","Montelimar, France",44.5579391,4.750318,1
"Montevideo Anchorage, Uruguay","Montevideo, Uruguay",-34.9059,-56.1913,1
"Montevideo, Uruguay","Montevideo, Uruguay",-34.9058916,-56.1913095,4
"Muar, Malaysia","Muar, Malaysia",2.05,102.5666667,1
"Mumbai Anchorage, India","Mumbai, India",19.055,72.8692,3
"Mumbai, India","Mumbai, India",19.054999,72.8692035,20
"Musaffah, United Arab Emirates","Musaffah, United Arab Emirates",24.3657845,54.4957065,4
"Muscat, Sohar(from 27 July 2016), Oman","Sohar, Oman",23.6124,58.5938,1
"Nador, Morocco","Nador, Morocco",35.1739922,-2.9281198,1
"Nakhodka Anchorage, Russian Federation","Nakhodka Anchorage, Russia",42.8246,132.8926,1
"Nansha, China","Nansha, China",22.8043913,113.5198188,2
"Nantes St-Nazaire, France","Nantes St-Nazaire, France",47.4975115,-2.2540401,1
"Naples, Italy","Naples, Italy",40.8358846,14.2487679,1
"Nassau, Bahamas","Nassau, Bahamas",25.0782266,-77.3383438,1
"Near Mumbai coast, India","Mumbai, India",19.0847934780103,72.870532634994,1
"Nemrut, Turkey","Nemrut, Turkey",38.6225036,42.246723,1
"New Mangalore, India","New Mangalore, India",12.9469448,74.8123039,1
"Nghe Tinh anchorage, Viet Nam","Nghe Tinh anchorage, Viet Nam",19.1976,105.0607,1
"Ngqura, South Africa","Ngqura, South Africa",-33.8037097,25.6821146,1
"Nias Island, Indonesia","Nias Island, Indonesia",1.0427371,97.645176,1
"Nice, France","Nice, France",43.7009358,7.2683912,1
Nigeria,Nigeria,6.526147681445230,3.3814183364580100,1
"Ningbo, China","Ningbo, China",29.8622194,121.6203873,2
"Ningde Anchorage, China","Ningde, China",27.0143,119.4386,2
"Ningde, China","Ningde, China",27.0143281,119.4385501,3
"Niterói, Brazil","Niterói, Brazil",-22.8884,-43.1147,1
"Noadhibou, Mauritania","Nouadhibou, Mauritania",20.9258178,-17.0400997,1
"North Abaco, Bahamas","North Abaco, Bahamas",26.9383943,-77.6838221,1
"Nouadhibou anchorage, Mauritania","Nouadhibou, Mauritania",20.9127,-17.0503,1
"Nouadhibou, Mauritania","Nouadhibou, Mauritania",20.9127045,-17.0503094,1
"Noumea, New Caledonia, France","Noumea, New Caledonia, France",-22.2745264,166.442419,1
"Novorossiysk, Russian Federation","Novorossiysk, Russian",44.7239578,37.7690711,1
"Off Ajman OPL anchorage, United Arab Emirates","Ajman OPL Anchorage, United Arab Emirates",25.22013,56.53324,1
"Off Limbe, Cameroon","Limbe, Cameroon",4.0103,9.2071,1
"Off New Mangalore, India","New Mangalore, India",12.8698,74.843,1
"Onne, Nigeria","Onne, Nigeria",4.7249847,7.1524345,1
"Oristano, Italy","Oristano, Italy",40.0265676,8.6796416,3
"Oshawa, Canada","Oshawa, Canada",43.8975558,-78.8635324,1
"Otaru, Japan","Otaru, Japan",43.1906806,140.9946021,1
"Outer Anchorage Suez Bay, Egypt","Suez Bay, Egypt",29.78833,32.55867,2
"Outer anchorage, off Manila, Philippines","Manila, Philippines",14.7528879526412,120.987232247938,1
"PAX Ocean Shipyard,  Zhoushan, China","Zhoushan, China",30.2051942322439,122.033098074149,1
"Paldiski Lõunasadam, Estonia","Paldiski Lõunasadam, Estonia",59.3357617,24.0783546,1
"Palermo, Italy","Palermo, Italy",38.1112268,13.3524434,1
"Panama Canal, Panama","Panama Canal, Panama",8.9988205,-79.6024233,1
"Papendrecht, Netherlands (Kingdom of the)","Papendrecht, Netherlands",51.8347,4.7047,1
"Paradip, India","Paradip, India",20.286946,86.6739979,1
"Pasajes, Spain","Pasajes, Spain",43.3239952,-1.9200587,2
"Pasir Gudang, Malaysia","Pasir Gudang, Malaysia",1.4953437,103.9207048,3
"Penang, Malaysia","Penang, Malaysia",5.4065013,100.2559077,5
"Perama, Greece","Perama, Greece",37.9662294,23.5691709,2
"PhiladelphiaUSA, United States of America","Philadelphia, USA",39.9527,-75.1635,1
"Pipavav Bhav Nagar, India","Pipavav Bhav Nagar, India",20.9389,71.477,1
"Piraeus, Greece","Piraeus, Greece",37.9431594,23.6470593,7
"Ploce, Croatia","Ploce, Croatia",43.0524293,17.4360676,1
"Pointe Noire, Congo","Pointe Noire, Congo",-4.7975373,11.8503297,3
"Ponta Delgada - Azores, Portugal","Ponta Delgada, Portugal",37.8556045,-25.7921157,1
"Port Blair, India","Port Blair, India",11.6645348,92.7390448,1
"Port Fourchon, United States of America","Port Fourchon, USA",29.1232363,-90.18924,1
"Port Harcourt, Nigeria","Port Harcourt, Nigeria",4.7676576,7.0188527,4
"Port Jubail, Saudi Arabia","Port Jubail, Saudi Arabia",27.0225452,49.6645523,1
"Port Khalid Sharjah, United Arab Emirates","Port Khalid Sharjah, United Arab Emirates",25.363766,55.3810072,1
"Port Klang, Malaysia","Port Klang, Malaysia",2.9996963,101.3913589,3
"Port Louis, Mauritius","Port Louis, Mauritius",-20.1624522,57.5028044,1
"Port Louise, Mauritius","Port Louise, Mauritius",-20.127564064777,57.509319701332,1
"Port Mina Zayed, United Arab Emirates","Port Mina Zayed, United Arab Emirates",24.5231134,54.3737411,1
"Port Rashid, United Arab Emirates","Port Rashid, United Arab Emirates",25.2709307,55.265831,4
"Port Said, Egypt","Port Said, Egypt",31.263235,32.305505,4
"Port Saleef, Yemen","Port Saleef, Yemen",15.3175488,42.6714134,4
"Port Sudan, South Sudan","Port Sudan, Sudan",19.6192,37.2117,5
"Port Sudan, Sudan","Port Sudan, Sudan",19.619217,37.211709,2
"Port Tanaqib, Saudi Arabia","Port Tanaqib, Saudi Arabia",26.7074,50.0674,1
"Port Tawfiq, Egypt","Port Tawfiq, Egypt",31.239873,31.6543968,1
"Port Victoria, Seychelles","Port Victoria, Seychelles",-4.6232085,55.452359,1
"Port de Bouc, France","Port de Bouc, France",43.403098,4.9806998,1
"Port de Paix, Haiti","Port de Paix, Haiti",19.9389855,-72.8308129,1
"Port of ALGECIRAS, Spain","Port of Algeciras, Spain",36.1287907,-5.4446234,2
"Port of Djibouti, Djibouti","Port of Djibouti, Djibouti",11.6070057,43.1354538,3
"Port of Souda, Crete, Greece","Port of Souda, Crete, Greece",35.4890463,24.0742153,1
"Port of Spain, Trinidad and Tobago","Port of Spain, Trinidad and Tobago",10.6572678,-61.5180173,2
"Port of Varna, Bulgaria","Port of Varna, Bulgaria",43.1939546,27.9095742,1
"Port-au-Prince, Haiti","Port-au-Prince, Haiti",18.547327,-72.3395928,1
"Portland Dorset, United Kingdom of Great Britain and Northern Ireland","Portland, England",50.5672516,-2.4472529,1
"Portland, Australia","Portland, Australia",-38.3456231,141.6042304,1
"Portland, United States of America","Portland, USA",45.5202471,-122.674194,2
"Porto Empedocle, Sicily, Italy","Porto Empedocle, Italy",37.2883127,13.52755,1
"Porto Nogaro, Italy","Porto Nogaro, Italy",45.8160297,13.2187352,2
"Poti, Georgia","Poti, Georgia",42.141614,41.6748028,3
"Pozzallo (Sicily), Italy","Pozzallo, Italy",36.7265294,14.8465811,1
"Pradeep, India","Pradeep, India",12.9329974,80.2063646,2
"Progreso, Mexico","Progreso, Mexico",21.2822136,-89.6636637,1
"Psachna Chalkis, Greece","Psachna Chalkis, Greece",38.5777774194229,23.6414807825285,1
"Puerto Cabello, Venezuela (Bolivarian Republic of)","Puerto Cabello, Venezuela",10.4678,-68.0437,3
"Puerto La Cruz, Venezuela (Bolivarian Republic of)","Puerto La Cruz, Venezuela",10.2029,-64.6308,2
"Pula, Croatia","Pula, Croatia",44.8702281,13.8455311,1
"Punta Cardon, Venezuela (Bolivarian Republic of)","Punta Cardon, Venezuela",11.6175,-70.2117,3
"Pyeongtaek, Republic of Korea","Pyeongtaek, Republic of Korea",36.9924966,127.1127168,5
Qatar,Qatar,25.3336984,51.2295295,2
"Qindao, China","Qingdao, China",36.1016137,120.4675991,1
"Qingdao, China","Qingdao, China",36.0663,120.3778,3
"Qinhuangdao, China","Qingdao, China",39.9367525,119.5942213,1
"Rak Maritime City, United Arab Emirates","Rak Maritime City, United Arab Emirates",25.7738,55.9382,1
"Ras Al Khair, Saudi Arabia","Ras Al Khair, Saudi Arabia",27.532363,49.139814,1
"Ras Tanura, Saudi Arabia","Ras Tanura, Saudi Arabia",26.707417,50.067352,9
"Ratnagiri, India","Ratnagiri, India",17.2826079,73.4569787,1
"Ravenna, Italy","Ravenna, Italy",44.3640607,12.0590095,3
"Recalada anchorage, Argentina","Recalada Anchorage, Argentina",-34.6096,-58.3888,1
"Red Sea, Eritrea","Red Sea, Eritrea",16,39,1
"Reni anchorage, Ukraine","Reni anchorage, Ukraine",45.4554,28.2791,1
"Reni, Ukraine","Reni, Ukraine",45.455413,28.2790948,2
"Riga, Latvia","Riga, Latvia",56.9493977,24.1051846,1
"Rijeka, Croatia","Rijeka, Croatia",45.3267976,14.442208,3
"Rio Tuba, Palawan, Philippines","Rio Tuba, Palawan, Philippines",8.5287605,117.4345462,1
"Rio de Janeiro, Brazil","Rio de Janeiro, Brazil",-22.9110137,-43.2093727,2
"Rotterdam, Netherlands (Kingdom of the)","Rotterdam, Netherlands",51.9244,4.4778,5
"Rouen, France","Rouen, France",49.4404591,1.0939658,1
"Runcorn, United Kingdom of Great Britain and Northern Ireland","Runcorn, England",53.3421509,-2.7334941,1
"Safaga, Egypt","Safaga, Egypt",26.7633325,33.9383817,5
"Safaniya, Saudi Arabia","Safaniya, Saudi Arabia",27.9923661,48.7910841,2
"Safi, Morocco","Safi, Morocco",32.2650776,-9.230554,1
"Saint-Nazaire, France","Saint-Nazaire, France",47.2733517,-2.2138905,2
"Salalah, Oman","Salalah, Oman",17.0175,54.1011,6
"Salman Bay, Jeddah, Saudi Arabia","Salman Bay, Jeddah, Saudi Arabia",21.5504,39.1742,3
"Samsun, Turkey","Samsun, Turkey",41.2303557,35.9683338,10
"San Pedro de Macoris, Dominican Republic","San Pedro de Macoris, Dominican Republic",18.6078948,-69.4885492,2
"Santa Marta, Colombia","Santa Marta, Colombia",11.2320944,-74.1950916,1
"Santander, Spain","Santander, Spain",43.4618932,-3.8100255,2
"Santo Domingo anchorage, Dominican Republic","Santo Domingo, Dominican Republic",18.4714,-69.8918,1
"Santo Domingo, Dominican Republic","Santo Domingo, Dominican Republic",18.4713858,-69.8918436,4
"Santos, Brazil","Santos, Brazil",-23.9609448,-46.3166316,1
"Sasebo, Japan","Sasebo, Japan",33.1799965,129.7152872,1
"Savona, Italy","Savona, Italy",44.2334238,8.2525727,2
"Sawakin Digna anchorage, Sudan","Sawakin Digna anchorage, Sudan",19.1019,37.3286,4
"Scheveningen anchorage, Netherlands (Kingdom of the)","Scheveningen Anchorage, Netherlands",52.1067,4.2737,1
"Seattle, United States of America","Seattle, USA",47.6038321,-122.330062,1
"Semarang Shipyard, Indonesia","Semarang Shipyard, Indonesia",-6.9904,110.4229,1
"Seville, Spain","Seville, Spain",37.3886303,-5.9953403,1
"Seyne S/Mer, France","Seyne S/Mer, France",43.1116691,5.8663654,1
"Sfax, Tunisia","Sfax, Tunisia",34.7394361,10.7604024,2
"Shanghai, China","Shanghai, China",31.2312707,121.4700152,2
"Sharjah Anchorage, United Arab Emirates","Sharjah Anchorage, United Arab Emirates",25.3606,56.3135,12
"Sharjah OPL Anchorage, United Arab Emirates","Sharjah, United Arab Emirates",25.487255,55.27668,4
"Sharjah Port, United Arab Emirates","Sharjah, United Arab Emirates",25.3597898,55.3763009,1
"Sharjah, United Arab Emirates","Sharjah, United Arab Emirates",25.3605673,56.3135004,50
"Sharpness, United Kingdom of Great Britain and Northern Ireland","Sharpness, England",51.71663,-2.470734,1
"Shidao, China","Shidao, China",34.3652,112.879,1
"Shimonoseki, Japan","Shimonoseki, Japan",33.9577116,130.9415455,3
"Shinas, Oman","Shinas, Oman",24.7441619,56.4598209,1
"Shuaiba Anchorage, Kuwait","Shuaiba, Kuwait",29.3533,47.9521,1
"Shuaiba, Kuwait","Shuaiba, Kuwait",29.053786,48.1242215,2
Singapore,"Singapore, Singapore",1.357107,103.8194992,6
"Singapore anchorage, Singapore","Singapore, Singapore",1.3571,103.8195,1
"Singapore, Singapore","Singapore, Singapore",1.2899175,103.8519072,5
"Sinop, Turkey","Sinop, Turkey",41.6476377,34.9560137,4
"Skagen anchorage, Denmark","Skagen, Denmark",57.726,10.5845,1
"Skagen, Denmark","Skagen, Denmark",57.7259703,10.5844602,2
"Skikda, Algeria","Skikda, Algeria",36.8801317,6.9077363,3
"Slite, Sweden","Slite, Sweden",57.7072207,18.8019196,1
"Sohar, Oman","Sohar, Oman",24.342,56.7298,6
"Songkhla, Thailand","Songkhla, Thailand",6.8790221,100.5498542,1
"Songxia, China","Songxia, China",25.7640739,119.5972152,1
"Sorel, Canada","Sorel, Canada",46.044404,-73.104744,1
"South Lamma Anchorage, Hong Kong Special Administrative Region","South Lamma Anchorage, Hong Kong",22.2095,114.1497,1
"Split, Croatia","Split, Croatia",43.5116383,16.4399659,4
"Sriracha anchorage, Thailand","Sriracha anchorage, Thailand",13.1675,100.9281,1
"St John's, Canada","St John's, Canada",47.5646794,-52.7066964,1
"Stornoway, United Kingdom of Great Britain and Northern Ireland","Stornoway, England",58.2199511,-6.4069633,1
"Su-Ao, Taiwan","Su-Ao, Taiwan",24.5946244,121.8426533,1
"Suez Anchorage, Egypt","Suez, Egypt",29.9745,32.5371,7
"Suez Canal anchorage, Egypt","Suez, Egypt",30.6044,32.2771,1
"Suez Canal, Egypt","Suez, Egypt",30.6052767,32.3331003,3
"Suez port, Egypt","Suez, Egypt",30.4113128,32.332338,1
"Suez, Egypt","Suez, Egypt",29.974498,32.537086,27
"Surabaya, Indonesia","Surabaya, Indonesia",-7.2462836,112.7377674,2
"Svendborg, Denmark","Svendborg, Denmark",55.0636625,10.6084725,1
"Szczecin, Poland","Szczecin, Poland",53.4298114,14.5928676,1
"São Luis, Brazil","São Luis, Brazil",-2.5295265,-44.2963942,2
"Sète, France","Sète, France",43.4014434,3.6959771,5
"Tabaco City, Albay, Philippines","Tabaco City, Albay, Philippines",13.3593077,123.7302007,1
"Taichung, Taiwan","Taichung, Taiwan",24.163162,120.6478282,2
"Taipei, Taiwan","Taipei, Taiwan",25.0375198,121.5636796,2
"Taizhou, China","Taizhou, China",28.6581723,121.4163876,1
"Takoradi, Ghana","Takoradi, Ghana",4.887401,-1.7519316,1
"Tallinn, Estonia","Tallinn, Estonia",59.437242,24.7572693,2
"Tampa, United States of America","Tampa, USA",27.9449854,-82.4583107,1
"Tanaqib, Saudi Arabia","Tanaqib, Saudi Arabia",27.8337161,48.8827115,2
"Tanga, United Republic of Tanzania","Tanga, United Republic of Tanzania",-5.202134,38.2275548,1
"Tanger Ville, Morocco","Tangier, Morocco",35.7700216,-5.7853824,1
"Tangier, Morocco","Tangier, Morocco",35.7696302,-5.8033522,1
"Tanjung Sedili, Malaysia","Tanjung Sedili, Malaysia",1.9284664,104.1084771,1
"Taranto, Italy","Taranto, Italy",40.5488156,17.0805801,1
"Tarragona, Spain","Tarragona, Spain",41.1172364,1.2546057,2
"Tartous, Syrian Arab Republic","Tartous, Syrian Arab Republic",34.8936225,35.885167,2
"Tasucu, Turkey","Tasucu, Turkey",36.3196455,33.8813034,2
"Tawau, Malaysia","Tawau, Malaysia",4.2435206,117.885331,1
"Tekirdag anchorage, Turkey","Tekirdağ, Turkey",41.0731,27.4102,2
"Tekirdağ, Turkey","Tekirdağ, Turkey",41.0731403,27.4102013,1
"Tema (anchorage), Ghana","Tema, Ghana",5.6596,-0.0097,1
"Tema, Ghana","Tema, Ghana",5.6596409,-0.0096771,2
"Tenerife, Spain","Tenerife, Spain",28.2935785,-16.6214471,1
"Tenes, Algeria","Tenes, Algeria",36.5080818,1.3078072,1
Thailand,Thailand,14.8971921,100.83273,1
"Thessaloniki Anchorage, Greece","Thessaloniki, Greece",40.6403,22.9353,1
"Thessaloniki, Greece","Thessaloniki, Greece",40.6403167,22.9352716,1
"Tianjin, China","Tianjin, China",39.3032619,117.4163641,1
"Tiko, Cameroon","Tiko, Cameroon",4.075571,9.3650187,1
"Tobruk, Libya","Tobruk, Libya",32.0773764,23.9599988,1
"Tokyo, Japan","Tokyo, Japan",35.6768601,139.7638947,3
"Trabzon, Turkey","Trabzon, Turkey",41.0054605,39.7301463,2
"Tripoli, Lebanon","Tripoli, Lebanon",34.4373616,35.8348551,7
"Trogir, Croatia","Trogir, Croatia",43.5164142,16.2497163,2
"Tuapse, Russian Federation","Tuapse, Russia",44.0984747,39.0718875,1
"Tuticorin, India","Tuticorin, India",8.8052602,78.1452745,9
"Tuzla, Turkey","Tuzla, Turkey",40.8161732,29.3034194,17
"Tyne Port, United Kingdom of Great Britain and Northern Ireland","Tyne, England",54.9772429,-1.4558127,1
"Tyne, United Kingdom of Great Britain and Northern Ireland","Tyne, England",54.9738474,-1.6131572,1
"Turkey (drydock), Turkey","Turkey, Turkey",41.0060370541296,28.9475041586153,1
"Ulsan of, Republic of Korea","Ulsan, Republic of Korea",35.5442371,129.2567134,1
"Ulsan, Republic of Korea","Ulsan, Republic of Korea",35.5391697,129.3119136,2
"Umm Al Quwain, United Arab Emirates","Umm Al Quwain, United Arab Emirates",25.5144944,55.718292,1
United Arab Emirates,United Arab Emirates,24.0002488,53.9994829,1
"Uniye Anchorage, Turkey","Unye, Turkey",41.1262,37.2854,1
"Unye, Turkey","Unye, Turkey",41.1262405,37.2853616,5
"Valencia, Spain","Valencia, Spain",39.4697065,-0.3763353,2
"Valletta, Malta","Valletta, Malta",35.8989979,14.5136607,6
"Varna, Bulgaria","Varna, Bulgaria",43.2073873,27.9166653,7
"Vassiliko, Cyprus","Vassiliko, Cyprus",34.7258,33.3212,1
"Vatika Bay, Greece","Vatika Bay, Greece",36.512205,23.055928,1
"Vejle, Denmark","Vejle, Denmark",55.707931,9.5329419,1
"Venice, Italy","Venice, Italy",45.4046171,12.3105232,1
"Vera Cruz, Mexico","Veracruz, Mexico",-24.1032381,-46.6379462,1
"Veracruz, Mexico","Veracruz, Mexico",19.19691150882500,-96.13237345192520,1
"Vigo, Spain","Vigo, Spain",42.1986395,-8.727956,1
"Villagarcia, Spain","Villagarcia, Spain",39.3265485,-1.8470496,1
"Visakhapatnam, India","Visakhapatnam, India",17.6935526,83.2921297,4
"Vitoria, Brazil","Vitoria, Brazil",-20.3200917,-40.3376682,1
"Vladivostok, Russian Federation","Vladivostok, Russia",43.1150678,131.8855768,1
"Volos, Greece","Volos, Greece",39.3624833,22.9401864,1
"Vung Tau Anchorage, Viet Nam","Vung Tau Anchorage, Viet Nam",10.3479,107.0745,1
"Vung Tau, Viet Nam","Vung Tau, Viet Nam",10.3478994,107.0744665,1
"Wakkanai, Japan","Wakkanai, Japan",45.415737,141.6739836,2
"Walvis Bay anchorage area, Namibia","Walvis Bay, Namibia",-22.9558,14.5071,1
"Walvis Bay, Namibia","Walvis Bay, Namibia",-22.9557607,14.5071125,3
"Western Mindanao Naval Base, Philippines","Western Mindanao Naval Base, Philippines",6.9047,122.0765,1
"Westport (WA), United States of America","Westport, USA",46.889789,-124.110419,5
"Willemstad, Curaçao","Willemstad, Curaçao",12.1066695,-68.9351307,2
"Yalova Port, Turkey","Yalova, Turkey",40.5795,29.1687,1
"Yalova, Turkey","Yalova, Turkey",40.5795422,29.1687005,4
"Yantian, China","Yantian, China",22.5590503,114.2324407,1
"Yatsushiro, Japan","Yatsushiro, Japan",32.5081425,130.6020211,1
"Yeosu, Republic of Korea","Yeosu, Republic of Korea",34.7546257,127.659859,1
"Yokohama, Japan","Yokohama, Japan",35.4503381,139.6343802,2
"Zetyinburnu, Turkey","Zeytinburnu, Turkey",40.9899,28.9037,1
"Zeytinburnu, Turkey","Zeytinburnu, Turkey",40.9898653,28.9037467,6
"Zhangjiagang, China","Zhangjiagang, China",31.8782976,120.5514595,1
"Zhenjiang anchorage, China","Zhangjiagang, China",32.1894,119.42,1
"Zhoushan, China","Zhoushan, China",29.9873344,122.2030363,10
"Zhushan, China","Zhoushan, China",32.3164662,110.1563791,1
"Zongaldak, Turkey","Zonguldak, Turkey",41.2503,31.839,1
"Zonguldak, Turkey","Zonguldak, Turkey",41.250324,31.8389738,1
"Zuluf, Saudi Arabia","Zuluf, Saudi Arabia",27.8642336,48.6999412,1
"Zwijndrecht, Netherlands (Kingdom of the)","Zwijndrecht, Netherlands",51.8162,4.6405,1
aground near by Manila,"Manila, Philippines",14.6861988390267,120.955788410253,1
"Çanakkale Offshore, Turkey","Çanakkale, Turkey",40.055,26.9278,1
"Šibenik, Croatia","Šibenik, Croatia",43.7340647,15.8944767,1